ID,Type,SKU,Name,Published,"Is featured?","Visibility in catalog","Short description",Description,"Date sale price starts","Date sale price ends","Tax status","Tax class","In stock?",Stock,"Low stock amount","Backorders allowed?","Sold individually?","Weight (kg)","Length (cm)","Width (cm)","Height (cm)","Allow customer reviews?","Purchase note","Sale price","Regular price",Categories,Tags,"Shipping class",Images,"Download limit","Download expiry days",Parent,"Grouped products",Upsells,Cross-sells,"External URL","Button text",Position
22,simple,,"Mô hình khiên chiến đấu tấn công Iron man dòng Mech Strike",1,0,visible,,"Các siêu anh hùng Avengers cần những vũ khí mạnh mẽ mới nhất để chống lại những kẻ tấn công từ thiên hà. Khi các mối đe dọa đến với thế giới, trẻ em có thể tưởng tượng chúng sẽ trang bị cho Avengers các vũ khí tương ứng với mỗi ""vị khách không mời""!\n\nLiệu những vũ khí Mech Strike nâng cao này có đủ giúp Captain tiết kiệm thời gian chiến đấu không? Ngoài ra, vũ khí này cũng có thể gắn vào các Mech Strike Avengers khác để sáng tạo ra một trận chiến hoàn toàn mới!\n\nTHU THẬP trọn bộ nhân vật và thiết bị của Marvel Avengers để làm quà tặng tuyệt vời cho các bé trai và bé gái, bao gồm cả nhân vật Hulk, Black Panther và Iron Man!",,,taxable,,1,,,0,0,,,,,1,,649000,999000,"ĐỒ CHƠI THEO PHIM, ĐỒ CHƠI THEO PHIM > Siêu anh hùng",,,"http://localhost/ecomshop/wp-content/uploads/2023/11/mykingdom-f0266_1_-1.jpg, http://localhost/ecomshop/wp-content/uploads/2023/11/mykingdom-f0266_2_-1.jpg",,,,,,,,,0
23,simple,,"Túi đeo chéo Bum Bag DIY 3C4G 3C4G1461",1,0,visible,,"<h2>Túi Đeo Chéo Bum Bag Diy 3C4G 3C4G1461</h2>\nTúi đeo chéo thời trang với sắc hồng ngọt ngào kết hợp cùng các vật trang trí giúp các bé có 1 chiếc túi DIY theo sở thích của riêng mình. Dây đeo đeo cầu vồng đáng yêu, có thể điều chỉnh cho phù hợp với các bé. Đây là món quà hoàn hảo dành cho những cô nàng sành điệu, bất kể dịp nào.\n\nBao gồm:\n<ul>\n 	<li>1 túi</li>\n 	<li>6 miếng dán (chữ cái và trái tim)</li>\n 	<li>1 miếng sticker đá quý</li>\n 	<li>1 tờ hướng dẫn</li>\n</ul>\nThông số kỹ thuật:\nChất liệu: vải si giả da, các miếng patch vải lông\nKích thước: 18 x 12 x 10. Dây đeo có thể kéo dài tối đa 70cm\nTrọng lượng (túi đeo): 100g\n\n<strong>Vài nét về thương hiệu:</strong>\n\n3C4G, có xuất xứ từ Vương quốc Anh, chuyên về các sản phẩm đồ chơi và làm đẹp dành cho bé gái. Thành phần của sản phẩm được làm từ thành phẩn tự nhiên, đảm bảo an toàn cho sức khỏe của bé.\nThương hiệu : 3C4G\nXuất Xứ : Anh Quốc",,,taxable,,1,,,0,0,,,,,1,,404000,449000,"Đồ thời trang",,,,,,,,,,,,0
25,simple,,"Kính mát thể thao Black Lime",1,0,visible,,"<h2>Kính Mát Trẻ Em KOOLSUN Thể Thao Black Lime SPBLLI006</h2>\nMắt kính trẻ em KOOLSUN Black Lime SPBLLI006 có màu xanh mint tươi mát, đáng yêu, dáng mắt kính trẻ trung, phù hợp với lứa tuổi của các bé yêu. Sản phẩm hứa hẹn sẽ tạo nên cơn sốt mạnh mẽ đối với nhãn hiệu mắt kính dành cho trẻ em.\n<ul>\n 	<li>Sản phẩm mắt kính thời trang trẻ em KOOLSUN Black Lime SPBLLI006 có các đặc điểm nổi bật sau:</li>\n 	<li>Màu sắc sản phẩm tươi sáng.</li>\n 	<li>Chất liệu cao cấp, bền đẹp, an toàn, không chứa chất độc hại và chịu va đập tốt.</li>\n 	<li>Tròng kính tráng gương độc đáo và chống tia UV cực tốt, mang đến cho bé những trải nghiệm tốt nhất.</li>\n 	<li>Thiết kế mắt kính gọn nhẹ, tiện lợi, mang lại cảm giác thoải mái cho bé.</li>\n 	<li>Kích thước vừa phải, phù hợp với kích thước khuôn mặt của các bé yêu.</li>\n</ul>",,,taxable,,1,,,0,0,,,,,1,,344000,382000,"Đồ thời trang",,,"http://localhost/ecomshop/wp-content/uploads/2023/11/spblli006_01.jpg, http://localhost/ecomshop/wp-content/uploads/2023/11/spblli006_02.jpg",,,,,,,,,0
26,simple,,"Túi Purse Pets - Bulldog cá tính",1,0,visible,,"<h2>Đồ Chơi PURSE PET Túi Bulldog Cá Tính 6065589</h2>\nTúi Purse Pet mèo con xinh có đôi tai màu hồng cực cute. Chiếc túi màu hồng bắt mắt, đôi mắt to tròn lấy cảm hứng từ từ các nhân vật truyện tranh, dây đeo có thể điều chỉnh và phần điều chỉnh bằng kim loại thật.\n- Sở hữu đôi mắt to tròn long lanh biết biểu lộ cảm xúc giúp thu hút mọi ánh nhìn, thú cưng còn có thể chớp mắt khi bé chạm vào đó nha\n- Khám phá hơn 30 âm thanh làm nũng đáng yêu, tương tác giống hệt như một người bạn thú cưng thật thụ\n- Khi bé di chuyển, thú cưng cũng sẽ chớp mắt và phát ra những âm thanh cực kỳ đáng yêu để tương tác với bé.\n-Túi đeo sành điệu, sắc màu bắt mắt phù hợp với mọi trang phục của bé.\nĐây chắc chắn sẽ là món phụ kiện thời trang độc đáo và thời thượng nhất dành cho bé yêu, giúp bé nổi bật và tự tin hơn.\n•Tên thương hiệu : PURSE PET\n•Xuất xứ thương hiệu : Canada\n•Tuổi : 5+\n•Giới tinh : Nữ",,,taxable,,1,,,0,0,,,,,1,,584000,899000,"Đồ thời trang",,,,,,,,,,,,0
27,simple,,"Ba lô Hoodie - Kỳ Lân Cầu Vồng Hồng",1,0,visible,,"<h2>Ba Lô Hoodie CLEVER HIPPO - Kỳ Lân Cầu Vồng BC3101/PINK</h2>\nBa lô Hoodie với thiết kế Kì Lân Cầu Vồng có họa tiết đáng yêu, màu sắc ngọt ngào tươi sáng đi cùng điểm nhấn độc đáo là chiếc nón kì lân cực ""cute"" chắc chắn là lựa chọn không thể thiếu cho các bé trong nhiều hoạt động khác nhau dù là đi học hằng ngày hay đi chơi, dã ngoại...\n- Kích thước sản phẩm: 15 x 29 x 36 (cm)\n- Ba lô Hoodie còn là dòng sản phẩm mới dành cho lứa tuổi 3+ với các điểm nổi bật:\n\n<img src=""https://u6wdnj9wggobj.vcdn.cloud/media/wysiwyg/content/BC3101.jpg"" width=""1366"" height=""1153"" />\n\nĐây là thiết kế độc quyền từ Úc, thuộc nhãn hàng Clever Hippo - là thương hiệu cao cấp chuyên về ba lô, văn phòng phẩm và phụ kiện với chất lượng luôn đặt lên hàng đầu.",,,taxable,,1,,,0,0,,,,,1,,562000,624000,"Đồ thời trang > Balo - Túi - Ví, Đồ thời trang",,,"http://localhost/ecomshop/wp-content/uploads/2023/11/bc3101-mykingdom.jpg, http://localhost/ecomshop/wp-content/uploads/2023/11/mykingdom-balo-bc3101_1_.jpg",,,,,,,,,0
30,simple,,"Kool Urban - Ba lô Roller Trắng",1,0,visible,,"<h2>Ba Lô CLEVERHIPPO Kool Urban - Roller Trắng BKU5203/WHITE</h2>\nBộ sưu ba lô KOOL URBAN đến từ thương hiệu Clever Hippo dành riêng cho các bạn trẻ năng động, cá tính, được thiết kế với các tông màu hiện đại và họa tiết ""on trend"", đi cùng kiểu dáng thời trang. Các sản phẩm trong KOOL URBAN chính là lựa chọn vô cùng phù hợp để đồng hành cùng bạn khám phá khắp nơi.\nCác dòng ba lô thời trang còn có nhiều tính năng nổi bật:\n- Trọng lượng siêu nhẹ, thiết kế năng động, thời trang, sử dụng được nhiều mục đích và trang phục khác nhau.\n- Các ngăn chứa rộng rãi; với thiết kế thông minh mở nhanh từ bên hông giúp cất/lấy đồ nhanh chóng từ ba lô mà không cần mở ngăn chính phía trên như các ba lô thông thường khác\n- Đựng vừa laptop 15 inches, thêm ngăn đựng cục sạc kèm theo, đảm bảo gọn gàng và an toàn cho các thiết bị điện tử của bạn\n- Hỗ trợ 01 ngăn hông may vải kháng khuẩn giúp cất giữ khẩu trang an toàn.\n- Có đệm lưng êm ái, thoáng khí ở phần lưng &amp; vai, giúp trợ lực &amp; tạo sự thoải mái khi sử dụng\n- Chất liệu polyester trượt nước, dễ dàng vệ sinh.\n- Kích thước sản phẩm: 12 x 30 x 39 (cm)\n- Trọng lượng: 550g",,,taxable,,1,,,0,0,,,,,1,,538000,673000,"Đồ thời trang > Balo - Túi - Ví, Đồ thời trang",,,"http://localhost/ecomshop/wp-content/uploads/2023/11/bku5203_-1.jpg, http://localhost/ecomshop/wp-content/uploads/2023/11/bku5203_-2.jpg, http://localhost/ecomshop/wp-content/uploads/2023/11/bku5203_-3.jpg",,,,,,,,,0
34,simple,,"Vali trẻ em - Xe cứu hỏa Frank",1,0,visible,,"<h2><b>Vali trẻ em TRUNKI Xe cứu hỏa Frank 0254-GB01</b></h2>\n<b>Vali trẻ em - Xe cứu hỏa Frank </b><b>Trunki </b><b>(</b>0254-GB01) được gia công từ chất liệu nhựa ABS cao cấp, chịu được va đập và có độ bền cao. Vali gây thu hút bởi thiết kế mô phỏng hình dáng <b>Xe cứu hỏa Frank</b> ngộ nghĩnh và sống động. Đặc biệt, các mép viền của sản phẩm có lót lớp cao su, hạn chế tình trạng bé bị kẹp tay khi đóng, mở.<b></b>\n\n- Có tem CE chứng nhận đủ chất lượng xuất khẩu vào các thị trường Âu Mỹ.\n- Được gia công từ chất liệu nhựa ABS cao cấp, chịu được trọng lượng lên đến 50kg.\n- Mép vali được viền lớp cao su vừa tăng độ bền vừa giúp bảo vệ bé không bị kẹp tay khi đóng vali lại.\n- Kiểu dáng và màu sắc đáng yêu, bắt mắt.\n- Thiết kế thông minh, bé có thể ngồi lên để đẩy bằng chân, xách bằng tay hoặc có thể nối liền dây kéo để di chuyển vali nhẹ nhàng.\n- Mặt trong vali rộng rãi với kích thước 21cm – 46cm - 31cm (rộng – dài - cao) cho sức chứa 18l, phù hợp với tiêu chuẩn hành lí xách tay giúp bé sắp xếp được nhiều đồ đạc hơn.\n- Sử dụng khóa an toàn, tránh cho bé làm đổ đồ đạc khi di chuyển. Đầu khóa không để dư móc kéo nên không làm kẹt tay bé khi khóa vali. Đầu khóa có móc để bé nối đây kéo khi cần, tiện lợi hơn cho bé khi dùng.\n- Bé có thể sử dụng khi đi học hay du lịch cùng gia đình đều phù hợp.",,,taxable,,1,,,0,0,,,,,1,,979000,1399000,"Đồ thời trang, Đồ thời trang > Vali",,,"http://localhost/ecomshop/wp-content/uploads/2023/11/0254-gb01-06.02.jpg, http://localhost/ecomshop/wp-content/uploads/2023/11/0254-gb01_4_.jpg, http://localhost/ecomshop/wp-content/uploads/2023/11/0254-gb01_5_.jpg",,,,,,,,,0
38,simple,,"Vali trẻ em - Tàu cướp biển Pedro",1,0,visible,,"<h2>Vali Trẻ Em - Tàu Cướp Biển Pedro TRUNKI 0312-GB01</h2>\nVali đẩy chân trẻ em Trunki, đến từ Vương Quốc Anh. Là thương hiệu đầu tiên phát minh và sản xuất dòng vali đẩy chân cho bé. Thiết kế hình tàu cướp biển rất được các bé trai yêu thích.\n\n- Có kèm theo sticker trang trí đáng yêu.\n\n- Dung tích 18l: cho bé tha hổ mang theo những món đồ yêu thích\n\n- Khóa an toàn, có chốt để móc dây kéo\n\n- Yên ngồi thoải mái, an toàn cho bé - Viền cao su trên mép vali, giúp bảo vệ bé không bị kẹp tay khi đóng vali lại. - Có túi nhỏ bên trong\n\n- Có quai xách cầm tay và dây khóa để giữ đồ\n\nKích thước: 45.5 x 21.25 x 32 (phù hợp với tiêu chuẩn hành lí xách tay) Chất liệu: Nhựa ABS cao cấp, có thể chịu được trọng lượng đến 50kg",,,taxable,,1,,,0,0,,,,,1,,979000,1399000,Uncategorized,,,"http://localhost/ecomshop/wp-content/uploads/2023/11/0312-gb01-06.02.jpg, http://localhost/ecomshop/wp-content/uploads/2023/11/0312-gb01_5.jpg",,,,,,,,,0
41,simple,,"Máy chụp hình chống nước Hồng dịu dàng",1,0,visible,,"<h2 dir=""ltr"">Máy Chụp Hình Chống Nước – Hồng Dịu Dàng CLEVER HIPPO TOY YT007/PK</h2>\n&nbsp;\n<p dir=""ltr""><strong>Máy chụp hình chống nước- hồng dịu dàng CLEVER HIPPO TOY YT007/PK</strong> là đồ chơi mô phỏng chiếc máy ảnh ngoài đời thực, được biến tấu với nhiều chi tiết đáng yêu phù hợp lứa tuổi của trẻ. Thiết kế mới với chức năng bảo vệ máy ảnh ngay cả khi dưới nước, trời mưa hay đi chơi hồ bơi bé vẫn có thể mang theo bên cạnh. Có máy chụp hình chống nước này, bé sẽ thỏa sức có những bức ảnh đẹp, những đoạn video ghi lại những khoảnh khắc đáng nhớ cùng người thân và bạn bè.</p>\n&nbsp;\n<p dir=""ltr""><strong>Máy chụp hình chống nước- hồng dịu dàng </strong>được yêu thích bởi những đặc điểm nổi bật sau:</p>\n&nbsp;\n<ul>\n 	<li>Đồ chơi được làm từ nhựa cao cấp, không chứa chất độc, an toàn và thân thiện với mọi lứa tuổi.</li>\n 	<li>Camera kép, thỏa sức chụp hình và selfie với độ phân giải 20M/12M/10M. Quay video độ phân giải 1280 x 720P.</li>\n 	<li>Có chế độ hẹn giờ 10/5/2 giây cùng 21 khung ảnh vui nhộn, sẵn sàng phục vụ mọi cuộc vui của bé.</li>\n 	<li>Kết nối máy ảnh với máy tính bằng cáp USB, và bạn có thể sao chép hoặc xóa tệp trên máy tính. Chế độ đa ảnh, với chế độ này bé có thể chụp liên tục nhiều ảnh cùng một lúc. Đặc biệt, máy còn hỗ trợ bộ đọc thẻ nhớ lên đến 32G.</li>\n 	<li>Kích thước siêu nhỏ gọn, trọng lượng nhẹ, hoàn hảo dành cho bé.</li>\n 	<li>Dung lượng pin: Pin lithium 600mAh, với thời gian sạc 1,5 giờ.</li>\n 	<li>Có 3 màu cho bé lựa chọn: Hồng, xanh, vàng. Đáp ứng sở thích của trẻ.<img src=""https://u6wdnj9wggobj.vcdn.cloud/media//wysiwyg/content/mykingdom-YT007-PK-1.jpg"" width=""600"" height=""600"" /></li>\n</ul>\n&nbsp;\n<p dir=""ltr"">Sản phẩm được bảo hành chính hãng 12 tháng, 1 đổi 1 khi phát hiện lỗi từ nhà sản xuất. Đồ chơi được khuyên dành cho các bé từ 4 tuổi trở lên.</p>\n&nbsp;\n<p dir=""ltr"">Đồ chơi <strong>máy chụp hình chống nước- hồng dịu dàng CLEVER HIPPO TOY YT007/PK</strong> gồm:</p>\n&nbsp;\n<p dir=""ltr"">01 máy chụp hình màu hồng dịu dàng.</p>\n&nbsp;\n<p dir=""ltr""><strong>Vài nét về thương hiệu:</strong></p>\n&nbsp;\n<p dir=""ltr"">CLEVER HIPPO TOY là nhãn hàng cao cấp với thiết kế độc quyền tại nước Úc. Các sản phẩm của thương hiệu đều được làm bằng nguyên liệu cao cấp, thiết kế sinh động, màu sắc đáng yêu được in ấn sắc nét mà các bé dù ở độ tuổi nào cũng vô cùng thích thú khi sở hữu những món đồ chơi của Clever Hippo.</p>",,,taxable,,1,,,0,0,,,,,1,,699000,999000,"Đồ thời trang, Đồ thời trang > Máy chụp ảnh",,,"http://localhost/ecomshop/wp-content/uploads/2023/11/yt007-pk-2.png, http://localhost/ecomshop/wp-content/uploads/2023/11/camera_waterproof_pink_a_1_.jpg, http://localhost/ecomshop/wp-content/uploads/2023/11/yt007-pk-3.png",,,,,,,,,0
45,simple,,"Máy chụp ảnh lấy liền Khủng long tinh nghịch",1,0,visible,,"<h2>Đồ Chơi COOLKIDS Máy Chụp Ảnh Lấy Liền Khủng Long Tinh Nghịch YT019/BL</h2>\nCùng lưu lại những khoảnh khắc tuyệt vời mỗi ngày với chiếc máy chụp hình vô cùng đáng yêu đến từ COOLKIDS. Chiếc máy ảnh được thiết kế với hình dáng chú mèo con đáng yêu với đôi tai nhỏ màu hồng.\n\nKích thước gọn nhẹ, bé có thể gắn dây đeo và mang đi mọi nơi. Chất liệu nhựa an toàn, thân thiện, không góc cạnh đảm bảo an toàn cho bé Máy ảnh có thể chụp hình, selfie. Khả năng in ảnh đen trắng cho phép bé có thể in ảnh mình vừa chụp ngay tức thì với chi phí siêu tiết kiệm. 10 frame hình ngộ nghĩnh\n\nSản phẩm được đi kèm với 3 cuộn giấy in, bé có thể thỏa thích in 210 tấm ảnh. Máy hỗ trợ thẻ nhớ lên đến 32GB. Máy ảnh có thể kết nối với máy tính bằng cáp USB, dễ dàng lựa chọn hoặc xóa hình.\n\nBộ sản phẩm máy chụp ảnh lấy liền bao gồm:\n<ul>\n 	<li>01 máy chụp hình</li>\n 	<li>01 dây đeo</li>\n 	<li>03 cuộn giấy in</li>\n 	<li>Cáp sạc</li>\n</ul>\nSản phẩm thuộc thương hiệu: COOLKIDS\n\nXuất xứ thương hiệu: Việt Nam\n\nTuổi: 4-6 tuổi\n\nChất liệu: Nhựa\n\nGiới tính: Unisex",,,taxable,,1,,,0,0,,,,,1,,951000,1359000,"Đồ thời trang, Đồ thời trang > Máy chụp ảnh",,,"http://localhost/ecomshop/wp-content/uploads/2023/11/yt019_bl_bfd.jpg, http://localhost/ecomshop/wp-content/uploads/2023/11/yt019-bl_1_.jpg, http://localhost/ecomshop/wp-content/uploads/2023/11/yt019-bl_6_.jpg",,,,,,,,,0
49,simple,,"Kính mát thời trang Bleached Aqua",1,0,visible,,"<p dir=""ltr""><strong>Kính Mát Thời Trang Trẻ Em KOOLSUN Bleached Aqua WABA003</strong></p>\n<p dir=""ltr""><strong>Mắt kính trẻ em KOOLSUN Bleached Aqua WABA003</strong> có màu xanh mint tươi mát, đáng yêu, dáng mắt kính trẻ trung, phù hợp với lứa tuổi của các bé yêu. Sản phẩm hứa hẹn sẽ tạo nên cơn sốt mạnh mẽ đối với nhãn hiệu mắt kính dành cho trẻ em.</p>\n<p dir=""ltr"">Sản phẩm <strong>mắt kính thời trang trẻ em </strong>KOOLSUN Bleached Aqua có các đặc điểm nổi bật sau:</p>\n&nbsp;\n<ul>\n 	<li>Màu sắc sản phẩm tươi sáng.</li>\n 	<li>Chất liệu cao cấp, bền đẹp, an toàn, không chứa chất độc hại và chịu va đập tốt.</li>\n 	<li>Tròng kính tráng gương độc đáo và chống tia UV cực tốt, mang đến cho bé những trải nghiệm tốt nhất.</li>\n 	<li>Thiết kế mắt kính gọn nhẹ, tiện lợi, mang lại cảm giác thoải mái cho bé.</li>\n 	<li>Kích thước vừa phải, phù hợp với kích thước khuôn mặt của các bé yêu.</li>\n 	<li>Thiết kế thời trang, sang trọng nhưng vẫn giữ được nét ngây thơ, phù hợp với độ tuổi của các bé.</li>\n</ul>\n<div><img src=""https://u6wdnj9wggobj.vcdn.cloud/media/wysiwyg/content/mykingdom-WABA003.jpg"" width=""600"" height=""600"" /></div>\n&nbsp;\n<p dir=""ltr"">Bộ sản phẩm<strong> kính mát thời trang trẻ em KOOLSUN Bleached Aqua WABA003 </strong>bao gồm:</p>\n&nbsp;\n<ul>\n 	<li>01 mắt kính</li>\n</ul>\n<p dir=""ltr""><strong>Vài nét về thương hiệu đồ chơi:</strong></p>\n&nbsp;\n<p dir=""ltr"">KOOLSUN là một thương hiệu kính mát nổi tiếng thiết kế riêng cho trẻ em đến từ Hà Lan. Chúng tôi biết rằng, đôi mắt của trẻ rất dễ bị tổn thương bởi các tác nhân từ bên ngoài đặc biệt là tia UV. Bởi vậy, những sản phẩm của thương hiệu Koolsun đều mang sứ mệnh bảo vệ mắt của bé khỏi tác động của tia UV với giá cả phải chăng, thích hợp để sử dụng hằng ngày. Với chất liệu cao cấp, bền bỉ, khả năng chống nắng tuyệt đối, Koolsun luôn nhận được sự tin tưởng của rất nhiều bậc phụ huynh trên toàn thế giới.</p>",,,taxable,,1,,,0,0,,,,,1,,247000,274000,"Đồ thời trang, Đồ thời trang > Mắt kính",,,"http://localhost/ecomshop/wp-content/uploads/2023/11/waba003_1_1.jpg, http://localhost/ecomshop/wp-content/uploads/2023/11/waba003_2.jpg",,,,,,,,,0
52,simple,,"Đồng hồ thông minh cho bé 4G Cleverkid Hồng dịu dàng",1,0,visible,,"<h2>Đồng Hồ Thông Minh Cho Bé 4G CLEVER HIPPO TOY CLEVERKID Hồng Dịu Dàng HGW933/PK</h2>\nĐồng hồ thông minh Cleverkid tích hợp nhiều tính năng hữu ích giúp ba mẹ có thể luôn theo sát và bên cạnh con mọi lúc, mọi nơi Với trang bị mạng di động 4G, đồng hồ Cleverkid mang lại những tính năng cực kì hiện đại và thiết kế năng động:\n\n+ Gọi Video call 2 chiều: Đồng hồ có thể lưu được 15 số điện thoai của người thân, có thể giúp bé thực hiện cuộc gọi video call khi có kết nối mạng 4G. Ngoài ra, camera được trang bị thêm trên mặt đồng hồ, bé thoải mái chụp ảnh selfie cùng bạn bè, lưu giữ những khoảnh khắc đáng nhớ bên gia đình.\n\n+ Định vị chính xác giao động 3-10m: Định vị là tính năng chính trên đồng hồ thông minh. Chiếc Cleverkid này có hệ thống định vị với đầy đủ các chế độ: LBS, Wifi, GPS, AGPS giúp bố mẹ yên tâm trông con từ xa, biết được bé đang ở đâu, lịch trình di chuyển của bé trong ngày..\n\n+ Tin nhắn thoại: Bé có thể gửi và nhận tin nhắn thoại từ bạn bè, người thân\n\n+ Cuộc gọi SOS: Phụ huynh có thể cài đặt 3 số liên lạc như là số điện thoại gọi trong trường hợp khẩn cấp. Nhấn NÚT SOS (nút nguồn) thêm 3 giây và nó sẽ thực hiện cuộc gọi khẩn cấp lần lượt đến các số liên lạc đã chỉ định. Nếu không có ai trả lời, cuộc gọi sẽ tiếp tục quay hai lần và dừng lại.\n\n+ Thiết lập vùng an toàn Phụ huynh có thể thiết lập vùng an toàn, gồm những nơi trẻ hay tới (tối đa 3 khu vực) nếu trẻ ra khỏi vùng an toàn thì ngay lập tức đồng hồ Cleverkid sẽ thông báo về điện thoại của phụ huynh.\n\n+ Theo dõi hành trình: Tính năng theo dõi lịch trình đường đi được tích hợp trong đồng hồ giúp phụ huynh an tâm có thể theo dõi bé bất cứ lúc nào ở bất cứ nơi đâu.\n\n+ Chế độ không làm phiền: Ba mẹ có thể cài đặt 4 khuynh giờ ở chế độ không làm phiền, bé sẽ không nhận được cuộc gọi, tin nhắn trong khoảng thời gian này để đảm bảo bé tập trung trong lúc học\n\n+ Tích hợp đồng hồ báo thức, trò chơi phép tính\n\n+ Chụp hình Pin với dung lượng 1000mAh, có thể sử dụng tối đa 8-10 ngày tùy vào mức độ sử dụng\n\n+ Khả năng chống thấm nước IPX7 (Bảo vệ khỏi tác động trong việc ngâm trong nước dưới độ sâu 1 mét trong 30 phút.)\n\nNgoài ra còn nhiều tính năng khác cho ba mẹ và bé cùng khám phá Có 2 màu cho bé chọn lựa: hồng và xanh\n\nSản phẩm bảo hành 1 năm do lỗi kỹ thuật\n\n<strong>Vài nét về thương hiệu đồ chơi:</strong>\n\nCLEVER HIPPO TOY là nhãn hàng cao cấp với thiết kế độc quyền tại nước Úc. Các sản phẩm của thương hiệu đều được làm bằng nguyên liệu cao cấp, thiết kế sinh động, màu sắc đáng yêu được in ấn sắc nét mà các bé dù ở độ tuổi nào cũng vô cùng thích thú khi sở hữu những món đồ chơi của Clever Hippo. .",,,taxable,,1,,,0,0,,,,,1,,1305000,1864000,"Đồ thời trang, Đồ thời trang > Đồng hồ",,,"http://localhost/ecomshop/wp-content/uploads/2023/11/hgw933-pk_8_.jpg, http://localhost/ecomshop/wp-content/uploads/2023/11/hgw933-pk_1_.jpg",,,,,,,,,0
55,simple,,"Đồng hồ Clever Watch - Space Đen",1,0,visible,,"<h2>Đồng Hồ CLEVER HIPPO Clever Watch - Space Đen WB003/BLACK</h2>\nCùng hóa thân thành phi hành gia du hành trên tàu không gian, khám phá vũ trụ sắc màu với mẫu đồng hồ SPACE. Những chi tiết về tàu vũ trụ và các hành tinh được in 3D, kim giờ, kim phút với thiết kế lạ mắt phù hợp với các “chàng hoàng tử nhỏ” của ba mẹ. Dây đeo bằng nhựa vô cùng dẻo dai và dễ dàng điều chỉnh cho con yêu chạy nhảy nô đùa. Sản phẩm này được thiết kế độc quyền bởi Clever Hippo.\n\nCHI TIẾT SẢN PHẨM:\n<table border=""0"" cellspacing=""0"" cellpadding=""0"">\n<tbody>\n<tr>\n<td nowrap=""nowrap"" width=""279"">Kiểu đồng hồ</td>\n<td nowrap=""nowrap"" width=""288"">Đồng hồ kim</td>\n</tr>\n<tr>\n<td nowrap=""nowrap"" width=""279"">Đường kính mặt</td>\n<td nowrap=""nowrap"" width=""288"">27mm</td>\n</tr>\n<tr>\n<td nowrap=""nowrap"" width=""279"">Chiều ngang dây đeo</td>\n<td nowrap=""nowrap"" width=""288"">14mm</td>\n</tr>\n<tr>\n<td nowrap=""nowrap"" width=""279"">Chất liệu dây đeo</td>\n<td nowrap=""nowrap"" width=""288"">Nhựa PVC</td>\n</tr>\n<tr>\n<td nowrap=""nowrap"" width=""279"">Chất liệu mặt kính</td>\n<td nowrap=""nowrap"" width=""288"">Nhựa Acrylic</td>\n</tr>\n<tr>\n<td nowrap=""nowrap"" width=""279"">Bộ máy</td>\n<td nowrap=""nowrap"" width=""288"">Quartz</td>\n</tr>\n<tr>\n<td nowrap=""nowrap"" width=""279"">Thông tin pin</td>\n<td nowrap=""nowrap"" width=""288"">Maxell SR626SW</td>\n</tr>\n<tr>\n<td nowrap=""nowrap"" width=""279"">Khả năng chống nước</td>\n<td nowrap=""nowrap"" width=""288"">3ATM</td>\n</tr>\n</tbody>\n</table>\n&nbsp;\n\nĐẶC ĐIỂM NỔI BẬT:\n\n-        Mặt đồng hồ bằng nhựa Acrylic nhẵn bóng, chống ẩm, chống nước tốt khi bé rửa tay hay đi mưa.\n\n-        Dây đeo bằng nhựa PVC nhẹ, dai, chịu lực tốt, có độ bền cao và khả năng chống mài mòn tốt.\n\n-        Kim giờ, kim phút được thiết kế màu sắc độc đáo theo chủ đề vũ trụ.\n\n-        Những hành tinh đầy màu sắc cùng hình ảnh tàu vũ trụ được in 3D nổi bật trên bề mặt dây đồng hồ.\n\n-        Có sẵn pin trong đồng hồ nên ba mẹ không phải mua kèm pin khi mua đồng hồ.\n\nLƯU Ý KHI SỬ DỤNG ĐỒNG HỒ:\n\n-        Không để bé sử dụng đồng hồ khi đi tắm, đi bơi hoặc lặn.\n\n-        Tránh làm rơi hoặc va đập vào bề mặt cứng có thể gây hư hỏng.\n\n-        Tránh để đồng hồ tiếp xúc với các dung môi (dung dịch chứa cồn và xăng), hóa chất, chất tẩy rửa, chất kết dính hoặc sơn sẽ làm đồng hồ xuống cấp, bị đổi màu hoặc hư hỏng.",,,taxable,,1,,,0,0,,,,,1,,179000,299000,"Đồ thời trang, Đồ thời trang > Đồng hồ",,,"http://localhost/ecomshop/wp-content/uploads/2023/11/wb003_01.jpg, http://localhost/ecomshop/wp-content/uploads/2023/11/wb003-black.jpg",,,,,,,,,0
58,simple,,"Đồ chơi lắp ráp Road Rippers-Khủng long và xe chiến đấu",1,0,visible,,"<div class=""content-heading"">\n<h3 class=""title text-uppercase"">Mô tả sản phẩm</h3>\n</div>\n<div id=""attributedescription"" class=""data item content"">\n<div class=""product attribute description"">\n<div class=""value"">\n\nXuất xứ thương hiệu: Nikko Toys-Hongkong\n\nCuộc phiêu lưu giữa biệt đội siêu khủng long và những cỗ xe chiến đấu đang chờ bé đến khám phá.\n\nHãy sưu tập trọn bộ 6 nhân vật, hoàn thành kỹ năng lắp ráp và hoán đổi vũ khí chiến đấu để sáng tạo nên câu chuyện kỳ thú nào!!\n\nMột hộp sản phẩm bao gồm:\n\n- 1 xe chiến đấu\n\n- 1 khủng long\n\n- Vũ khí chiến đấu\n\n- Sticker và giấy hướng dẫn lắp ráp\n\nNhựa an toàn với chứng nhận EN71 tự tin cho trẻ cầm nắm và vui chơi\n\nNikko Toys là công ty đồ chơi toàn cầu có văn phòng tại Hongkong, Mỹ và châu Âu với cam kết mang lại những gì chất lượng nhất, luôn sáng tạo trong thiết kế và công nghệ.\n\n*Giao hàng ngẫu nhiên\n\n</div>\n</div>\n</div>",,,taxable,,1,,,0,0,,,,,1,,,99000,"Thế giới động vật > Khủng long, Thế giới động vật",,,"http://localhost/ecomshop/wp-content/uploads/2023/11/20070_01.jpg, http://localhost/ecomshop/wp-content/uploads/2023/11/20070_02.jpg",,,,,,,,,0
61,simple,,"Đồ Chơi SCHLEICH 15026 Mô Hình Khủng Long Mosasaurus Cho Bé Trên 3 Tuổi",1,0,visible,,"<h2>Đồ Chơi SCHLEICH Mô Hình Khủng Long Mosasaurus 15026</h2>\nSchleich là thương hiệu đồ chơi đến từ Đức với 80 năm kinh nghiệm trong việc sản xuất các đồ chơi mô hình, nhân vật. Sản phẩm của Schleich được trẻ em, phụ huynh và giáo viên trên 70 quốc gia trên toàn thế giới tin tưởng và sử dụng. Sản phẩm được chứng nhận 2009/48/EC và ED 71 về mức độ an toàn của đồ chơi và tiêu chuẩn đồ chơi quốc tế ASTM F963-2008 nên hoàn toàn không chứa các chất độc hại gây hại cho trẻ. Các nhân vật Schleich được mô phỏng tỉ mỉ đến từng chi tiết, được vẽ bằng tay một cách cẩn thận và mang lại thời gian chơi có giá trị về mặt giáo dục.\n\nMosasaurus từ Schleich® DINOSAURS là một loài bò sát thủy sinh lớn sống ở đại dương trong thời kỳ cuối kỷ Phấn trắng. Hàm có thể di chuyển của Mosasaurus từ Schleich® DINOSAURS chứa nhiều răng nhọn. Khi săn những con mồi như cá hoặc rùa, con khủng long mở miệng rất rộng và cắn mạnh xuống. Hình dạng của răng có nghĩa là nó có thể không nhai, và chỉ đơn giản là nuốt. Để thích nghi với môi trường sống, chân trước và chân sau của nó biến đổi thành vây. Nó cũng có một cái vây ở cuối đuôi.",,,taxable,,1,,,0,0,,,,,1,,,749000,"Thế giới động vật > Khủng long, Thế giới động vật",,,http://localhost/ecomshop/wp-content/uploads/2023/11/15026_2_.jpg,,,,,,,,,0
63,simple,,"Đồ Chơi SCHLEICH 70712 Mô Hình Rồng Antylar Cho Bé Trên 3 Tuổi",1,0,visible,,"<h2>Đồ Chơi Mô Hình SCHLEICH Rồng Antylar 70712</h2>\nSchleich là một thương hiệu đồ chơi đến từ Đức với 80 năm kinh nghiệm trong việc sản xuất các đồ chơi mô hình, nhân vật. Sản phẩm của Schleich được trẻ em, phụ huynh và giáo viên trên 70 quốc gia trên toàn thế giới tin tưởng và sử dụng. Sản phẩm được chứng nhận 2009/48/EC và ED 71 về mức độ an toàn của đồ chơi và tiêu chuẩn đồ chơi quốc tế ASTM F963-2008 nên hoàn toàn không chứa các chất độc hại gây hại cho trẻ. Mỗi sản phẩm của Schleich đều được sơn bằng tay rất tỉ mỉ. Qua nhiều bước phức tạp khác nhau và rất công phu mới có thể sản xuất được một sản phẩm hoàn thiện. Rồng Antylar với đôi cánh xinh đẹp đầy màu sắc đã chờ đợi rất lâu để ôm ấp đứa con của mình. Giờ đây, Antylar có thể cho con mình những giờ vui chơi thả diều và cuối cùng họ cũng có thể cùng nhau trải nghiệm những cuộc phiêu lưu thú vị.\n\n<strong>Giá trị mà sản phẩm mang lại:</strong>\n\n- Sản phẩm đem đến những khoảnh khắc vui chơi thú vị, bổ ích và vui vẻ\n\n- Phát huy trí tưởng tượng và sáng tạo: Từ những nhân vật Schleich, bé có thể tưởng tượng và xây dựng cho mình những câu chuyện bổ ích\n\n- Phát triển cảm xúc, tình yêu thương: Việc vui chơi cùng bạn bè hay những người thân trong gia đình sẽ giúp bé hình thành những cảm xúc, tình yêu thương chia sẽ với mọi người. Đồng thời khả năng ngôn ngữ của trẻ được mở rộng giúp việc tương tác, giao tiếp lưu loát và tự tin hơn.",,,taxable,,1,,,0,0,,,,,1,,468000,669000,"Thế giới động vật > Rồng, Thế giới động vật",,,"http://localhost/ecomshop/wp-content/uploads/2023/11/70712_2_.jpg, http://localhost/ecomshop/wp-content/uploads/2023/11/rong-anty.jpg",,,,,,,,,0
66,simple,,"Trứng Rồng Huyền Bí",1,0,visible,,"<h2>Đồ Chơi DRAGON Trứng Rồng Huyền Bí 6054907</h2>\nLấy cảm hứng từ bộ phim hoạt hình thiếu nhi nổi tiếng How To Train Your Dragon – Bí Kiếp Luyện Rồng của hãng phim DreamWorks, bộ sưu tập dàn siêu thú rồng thiêng sở hữu tạo hình tinh xảo nhưng cũng không kém phần dễ thương của loạt phim.\n\nCó bao giờ bạn thắc mắc về hình dạng của Toothless, Meatlug, Nightlight, Stormfly khi còn nhỏ?\n\nKhông cần tìm kiếm đâu xa các babies rồng ở ngay tại đây với các bạn! Trong chính bộ sưu tập How To Train Your Dragon – Trứng Rồng Huyền Bí. Toothless, Meatlug, Nightlight, Stormfly và nhiều hơn nữa những bé rồng xinh xắn tinh nghịch đang chờ được bạn đón về nhà đấy! Cùng tạo dựng nên bộ Bí Kiếp Luyện Rồng của riêng mình thôi nào!\n\nLưu ý: Sản phẩm sẽ được giao hàng ngẫu nhiên\n\nBộ sưu tập gồm 8 nhân vật\n\nHOW TO TRAIN YOUR DRAGON là loạt phim hoạt hình ăn khách mang đầy tính giáo dục cho trẻ về lòng vị tha, tình yêu thương và sự sẻ chia của hãng phim DreamWorks. Bộ phim kể về sự chuyển hóa yêu thương giữa con người và động vật, cho trẻ những bài học nhân văn sâu sắc về tình bạn bè thân thiết, tình cảm gia đình chan hòa cũng như sự bao dung, tha thứ. Sản phẩm được sản xuất theo bản quyền hình ảnh được cung cấp cho Spin Master.",,,taxable,,1,,,0,0,,,,,1,,132000,189000,"Thế giới động vật > Rồng, Thế giới động vật",,,"http://localhost/ecomshop/wp-content/uploads/2023/11/6054907_1.jpg, http://localhost/ecomshop/wp-content/uploads/2023/11/6054907_2.jpg, http://localhost/ecomshop/wp-content/uploads/2023/11/6054907_3.jpg, http://localhost/ecomshop/wp-content/uploads/2023/11/6054907_4.jpg",,,,,,,,,0
71,simple,,"Đồ Chơi SCHLEICH 14841 Mô Hình Chim Cánh Cụt Hoàng Gia Cho Bé Trên 3 Tuổi",1,0,visible,,"<h2>Đồ Chơi SCHLEICH Mô Hình Chim Cánh Cụt Hoàng Gia 14841</h2>\nSchleich là một thương hiệu đồ chơi đến từ Đức với 80 năm kinh nghiệm trong việc sản xuất các đồ chơi mô hình, nhân vật. Sản phẩm của Schleich được trẻ em, phụ huynh và giáo viên trên 70 quốc gia trên toàn thế giới tin tưởng và sử dụng. Sản phẩm được chứng nhận 2009/48/EC và ED 71 về mức độ an toàn của đồ chơi và tiêu chuẩn đồ chơi quốc tế ASTM F963-2008 nên hoàn toàn không chứa các chất độc hại gây hại cho trẻ. Mỗi sản phẩm của Schleich đều được sơn bằng tay rất tỉ mỉ. Qua nhiều bước phức tạp khác nhau và rất công phu mới có thể sản xuất được một sản phẩm hoàn thiện. Chim cánh cụt hoàng đế là loại chim lớn nhất và nặng nhất trong số tất cả những loài chim cánh cụt sống và đặc hữu ở Châu Nam Cực. Con trống và con mái có bộ lông và kích thước tương tự nhau, cân nặng từ 22 đến 45 kg. Đầu và lưng chúng màu đen, bụng và chân màu trắng, ngực màu vàng nhạt và tai màu vàng tươi, cơ thể thuôn dài. Chim cánh cụt không biết bay, có đôi cánh nhỏ và dẹt cùng chân chèo thích nghi với môi trường nước. Thức ăn thường ngày của chim cánh cụt hoàng đế là cá, nhưng đôi khi chúng cũng ăn động vật giáp xác, các loài nhuyễn thể, động vật thân mềm và mực. Chim cánh cụt Hoàng đế không xây tổ, thay vào đó chúng ấp trực tiếp trên băng, con mái sẽ đẻ ra một quả trứng duy nhất, con trống sẽ lo việc ấp trứng, còn con mái ra biển kiếm mồi. Sau đó, con trống và con mái thay nhau tìm kiếm thức ăn ngoài biển và chăm sóc cho cánh cụt con ở nơi sinh sản.\n\n<strong>Giá trị mà sản phẩm mang lại:</strong>\n\n- Sản phẩm Schleich giúp bé hình dung ra những loài động vật y như ngoài thực tế.\n\n- Đem đến những khoảnh khắc vui chơi thú vị, bổ ích và vui vẻ\n\nPhát triển nhận thức: Với mô hình động vật Schleich bé có thể biết được tên, đặc điểm hay môi trường sống của các loài động vật\n\n- Phát huy trí tưởng tượng và sáng tạo: Từ những loài động vật, bé có thể tưởng tượng và xây dựng cho mình những câu chuyện bổ ích\n\n- Phát triển cảm xúc, tình yêu thương: Việc vui chơi cùng bạn bè hay những người thân trong gia đình sẽ giúp bé hình thành những cảm xúc, tình yêu thương chia sẽ với mọi người. Đồng thời khả năng ngôn ngữ của trẻ được mở rộng giúp việc tương tác, giao tiếp lưu loát và tự tin hơn.",,,taxable,,1,,,0,0,,,,,1,,,199000,"Thế giới động vật > Động vật hoang dã, Thế giới động vật",,,http://localhost/ecomshop/wp-content/uploads/2023/11/14841_1_.jpg,,,,,,,,,0
73,simple,,"Đồ Chơi SCHLEICH 14824 Mô Hình Rùa Cạn Khổng Lồ Cho Bé Trên 3 Tuổi",1,0,visible,,"Schleich là thương hiệu đồ chơi đến từ Đức với 80 năm kinh nghiệm trong việc sản xuất các đồ chơi mô hình, nhân vật. Sản phẩm của Schleich được trẻ em, phụ huynh và giáo viên trên 70 quốc gia trên toàn thế giới tin tưởng và sử dụng. Sản phẩm được chứng nhận 2009/48/EC và ED 71 về mức độ an toàn của đồ chơi và tiêu chuẩn đồ chơi quốc tế ASTM F963-2008 nên hoàn toàn không chứa các chất độc hại gây hại cho trẻ. Rùa khổng lồ có kích thước lớn và có thể nặng trên 400 kg. Chúng có đôi chân ngắn nhưng mạnh mẽ, chúng sử dụng để di chuyển để tìm kiếm cỏ tươi và thảo mộc. Các loài bò sát có thể đạt đến độ tuổi ấn tượng và thường sống hơn 100 năm trong tự nhiên.",,,taxable,,1,,,0,0,,,,,1,,125000,179000,"Thế giới động vật > Động vật hoang dã, Thế giới động vật",,,"http://localhost/ecomshop/wp-content/uploads/2023/11/14824_1_.jpg, http://localhost/ecomshop/wp-content/uploads/2023/11/14824_2_.jpg",,,,,,,,,0
76,simple,,"Combo Búp bê nghề nghiệp BARBIE kỉ niệm 60 năm - Cầu thủ đá",1,0,visible,,"<h2>Đồ Chơi Combo Búp Bê Nghề Nghiệp Barbie Kỉ Niệm 60 Năm - Cầu Thủ Đá BARBIE CBGFX26</h2>\nCombo BARBIE búp bê nghề nghiệp kỉ niệm 60 năm - Cầu thủ đá bóng GFX26/GFX23 mô phỏng việc búp bê Barbie® đã giành được huy chương đầu tiên vào năm 1975 và đã thắng lớn kể từ đó. Thi đấu một lần nữa, cô ấy thể hiện sức mạnh và sự nhanh nhẹn, ghi bàn cho các cô gái trên toàn thế giới. Hãy cùng sút bóng vào cầu môn cùng với Búp bê cầu thủ bóng đá Barbie®!\n\nBúp bê cầu thủ đá bóng Barbie® với vẻ ngoài chuyên nghiệp với phụ kiện theo chủ đề. Các bé gái có thể thỏa sức khám phá và thu thập tất cả búp bê và đồ chơi nghề nghiệp Barbie®. Tất cả có một bản lý lịch kéo dài 60 năm và hơn 200 nghề!\n\nSản phẩm búp bê nghề nghiệp Cầu thủ đá bóng có các đặc điểm nổi bật sau:\n\nĐồng phục bóng đá màu hồng và đen của cô ấy được trang trí với sọc trắng và số của đội - ""59."", đặc biệt sẽ trở thành món thiết kế tinh xảo và bắt mắt với các em nhỏ\nVớ màu vàng sọc và giày thể thao màu trắng đảm bảo rằng búp bê Barbie® của cầu thủ bóng đá đã sẵn sàng chạy trên sân, và một chiếc băng đô màu hồng giúp giữ tóc đuôi ngựa của cô ấy khi cô ấy làm vậy.\nBộ mô hình được làm từ nhựa cao cấp không chứa chất độc hại, an toàn cho sức khỏe của trẻ.\nChơi với búp bê nghề nghiệp Barbie phi hành gia giúp trẻ phát triển tư duy và khả năng kích thích trí sáng tạo cùng trí thông minh phong phú hơn.\nBa mẹ có thể cùng vui chơi và hướng dẫn cho bé cách phát triển cách chơi đóng vai đúng cách, giúp bé kích thích trí tưởng tượng và phát triển thông minh hơn.\nSản phẩm phù hợp với các bé từ 3 tuổi trở lên\n\nNgoài ra, sản phẩm còn được tặng kèm 1 bộ đồ Hello Kitty giao hàng ngẫu nhiên\n\n<strong>Vài nét về thương hiệu đồ chơi:</strong>\n\nBarbie được ra đời từ năm 1959, với 60 năm phát triển, Barbie là Thương hiệu đồ chơi duy nhất trên thế giới truyền cảm ứng cho các bé gái tự tin vào chính mình và trở thành bất cứ ai mà bé mong muốn. Hiện nay Barbie đã có hơn 200 nghề nghiệp. Ngoài ra, Barbie còn trân trọng màu da, tôn giáo, sắc tộc, cơ thể bằng việc búp bê không theo một hình dáng chuẩn nào, giúp các bé yêu thương bản thân mình hơn. Không chỉ đơn thuần là chơi búp bê, mà thông qua việc chơi, các bé thật ra đang chuẩn bị cho tương lai của mình. Barbie khuyến khích các bé thỏa trí tưởng tượng, tích cực khám phá và thể hiện cảm xúc. Barbie được thiết kế lấy cảm hứng từ những nhân vật nổi tiếng, cũng như là kết hợp với các nhãn hàng nổi tiếng trên thế giới (Barbie sẽ được mặc quần áo của các nhãn hàng thiết kế nổi tiếng).",,,taxable,,1,,,0,0,,,,,1,,200000,399000,"Búp bê, Búp bê > Búp bê nghề nghiệp",,,"http://localhost/ecomshop/wp-content/uploads/2023/11/gfx26-gfx23.jpg, http://localhost/ecomshop/wp-content/uploads/2023/11/cbgfx26_1.jpg, http://localhost/ecomshop/wp-content/uploads/2023/11/cbgfx26_2.jpg",,,,,,,,,0
80,simple,,"Búp bê nghề nghiệp BARBIE kỉ niệm 60 năm - Phi công",1,0,visible,,"<p dir=""ltr""><strong>Đồ Chơi BARBIE Búp Bê Nghề Nghiệp Barbie Kỉ Niệm 60 Năm - Phi Công GFX25/GFX23 </strong></p>\n\n<h2></h2>\n<p dir=""ltr""><strong>Đồ chơi BARBIE búp bê nghề nghiệp kỉ niệm 60 năm - Phi công GFX25/GFX23</strong> mô phỏng việc cô nàng Barbie® chuẩn bị cho việc cất cánh. Hiện nay có rất ít phụ nữ ngồi trên ghế phi công do đó để kỷ niệm sự nghiệp này, cô ấy bắt đầu một cuộc phiêu lưu mới, cho các cô gái thấy bầu trời là giới hạn!</p>\n\n<h2></h2>\n<p dir=""ltr"">Búp bê phi công Barbie® chụp bầu trời với vẻ ngoài chuyên nghiệp với phụ kiện theo chủ đề. Các bé gái có thể thỏa sức khám phá và thu thập tất cả búp bê và đồ chơi nghề nghiệp Barbie®. Tất cả có một bản lý lịch kéo dài 60 năm và hơn 200 nghề!</p>\n\n<h2></h2>\n<p dir=""ltr"">Sản phẩm<strong> búp bê nghề nghiệp </strong>Phi công GFX25/GFX23 có các đặc điểm nổi bật sau:</p>\n\n<h2></h2>\n<ul>\n 	<li>Bộ đồ đồng phục phi công màu xanh của cô ấy được trang trí với các chi tiết bao gồm phù hiệu và cà vạt màu hồng, đặc biệt sẽ trở thành món thiết kế tinh xảo và bắt mắt với các em nhỏ</li>\n 	<li>Búp bê phi công Barbie® chụp cho các ngôi sao với vẻ ngoài chuyên nghiệp. Nhờ đó, bé có thể tha hồ khám phá và chơi tưởng tượng không giới hạn cùng bạn bè.</li>\n 	<li>Mũ phi công phù hợp và đôi ủng màu đen đảm bảo búp bê Barbie® của phi công luôn sẵn sàng để giúp trí tưởng tượng bay bổng trong giờ chơi!</li>\n 	<li>Bộ mô hình được làm từ nhựa cao cấp không chứa chất độc hại, an toàn cho sức khỏe của trẻ.</li>\n 	<li>Chơi với búp bê nghề nghiệp Phi công giúp trẻ phát triển tư duy và khả năng kích thích trí sáng tạo cùng trí thông minh phong phú hơn.</li>\n 	<li>Ba mẹ có thể cùng vui chơi và hướng dẫn cho bé cách phát triển cách chơi búp bê đóng vai đúng cách và giúp bé kích thích trí tưởng tượng và phát triển thông minh hơn.</li>\n</ul>\n<h2><img src=""https://u6wdnj9wggobj.vcdn.cloud/media/wysiwyg/content/GFX23_GFX25_1.jpg"" width=""600"" height=""600"" /></h2>\n<p dir=""ltr""><strong>Búp bê nghề nghiệp Barbie kỉ niệm 60 năm - Phi Công GFX25/GFX23</strong> gồm có:</p>\n\n<h2></h2>\n<ul>\n 	<li>01 búp bê Barbie với bộ đồ phi công màu xanh kèm phù hiệu và cà vạt hồng</li>\n 	<li>Mũ phi công màu xanh</li>\n 	<li>Đôi ủng màu đen</li>\n</ul>\n<h2></h2>\n<p dir=""ltr""><strong>Vài nét về thương hiệu đồ chơi:</strong></p>\n\n<h2></h2>\n<p dir=""ltr"">Barbie được ra đời từ năm 1959, với 60 năm phát triển, Barbie là Thương hiệu đồ chơi duy nhất trên thế giới truyền cảm ứng cho các bé gái tự tin vào chính mình và trở thành bất cứ ai mà bé mong muốn. Hiện nay Barbie đã có hơn 200 nghề nghiệp. Ngoài ra, Barbie còn trân trọng màu da, tôn giáo, sắc tộc, cơ thể bằng việc búp bê không theo một hình dáng chuẩn nào, giúp các bé yêu thương bản thân mình hơn. Không chỉ đơn thuần là chơi búp bê, mà thông qua việc chơi, các bé thật ra đang chuẩn bị cho tương lai của mình. Barbie khuyến khích các bé thỏa trí tưởng tượng, tích cực khám phá và thể hiện cảm xúc. Barbie được thiết kế lấy cảm hứng từ những nhân vật nổi tiếng, cũng như là kết hợp với các nhãn hàng nổi tiếng trên thế giới (Barbie sẽ được mặc quần áo của các nhãn hàng thiết kế nổi tiếng).</p>",,,taxable,,1,,,0,0,,,,,1,,200000,399000,"Búp bê, Búp bê > Búp bê nghề nghiệp",,,"http://localhost/ecomshop/wp-content/uploads/2023/11/GFX23_GFX25_1.jpg, http://localhost/ecomshop/wp-content/uploads/2023/11/GFX23_GFX25_2.jpg",,,,,,,,,0
83,simple,,"Thiên thần bay Hatchimals Pha Lê Lấp Lánh HATCHIMALS 6067590",1,0,visible,,"<h2>Đồ Chơi Thiên Thần Bay Pha Lê Lấp Lánh HATCHIMALS 6067590</h2>\nThiên thần bay Hatchimals Crystal Flyer Pha Lê Lấp Lánh. Nàng tiên Hatchimals đại diện cho sự tỏa sáng vô cùng xinh đẹp. Với cảm ứng chuyển động cải tiến cho phép cô nàng Pixie bay lượn theo bàn tay bé. Từ đó, cùng nhau biên đạo ra những vũ khúc thiên không hoàn mỹ nhất. Sản phẩm tặng kèm cáp sạc usb.\n\nHatchimals là thế giới của những điều kỳ diệu, nơi cư trú của vô số loài sinh vật phép thuật khác nhau. Đảo Quốc Hatchotopia là thủ phủ của thế giới màu nhiệm này. Nơi sản sinh ra vô vàn những câu chuyện cổ tích lấp lánh sắc màu thần tiên nhưng cũng mang đến nhiều bài học triết lý về tình bạn, tình thân, sự tương thân tương ái, tinh thần đoàn kết… giúp bé có thêm nhiều giây phút thư giãn bổ ích.",,,taxable,,1,,,0,0,,,,,1,,,1169000,"Búp bê, Búp bê > Búp bê biết bay",,,"http://localhost/ecomshop/wp-content/uploads/2023/11/6067590_1_.jpg, http://localhost/ecomshop/wp-content/uploads/2023/11/6067590_2_.jpg",,,,,,,,,0
86,simple,,"Thiên thần bay Hatchimals Pixies ngôi sao ca nhạc",1,0,visible,,"<h2>Đồ Chơi HATCHIMALS Thiên Thần Bay Pixies Ngôi Sao Ca Nhạc 6061661</h2>\nBạn có bao giờ ước Hatchimals có thế bay chưa? Không để các bạn đợi lâu hơn nữa, thiên thần bay Hatchimals Pixies đã chính thức xuất hiện và mong đợi bạn khám phá. Bên trong mỗi quả trứng pha lê tuyệt đẹp là 1 bạn thiên thần Pixies trưởng thành với đôi cánh lấp lánh cùng thiết kế thời thượng độc đáo.\n\nGiờ thì hãy gỡ vỏ trứng và bắt đầu sạc cho Pixies đến khi đầy pin để bắt đầu những trải nghiệm bay thú vị. Bật công tắc bên dưới váy và bắt đầu quan sát nhưng đôi cánh hoạt động nhé. Pixies sẽ chuyển động dần đôi cánh và bay lên theo sự hướng dẫn của bạn. Với trang bị cảm biến hỗ trợ, thiên thần bay Pixies dễ dàng nhận biết tay bạn để từ đó có thể bay theo. Chỉ cần di chuyển tay lên xuống, Pixies cũng theo đó mà điều chỉnh tầm bay tạo thành những bản khiểu vũ trên không tuyệt đẹp. Bạn cũng có thể dễ dàng điều chỉnh tầm bay bằng cách nắm lấy phần chân Pixies và di chuyển. Bạn cũng không cần quá lo lắng về độ an toàn của thiên thần bay Pixies đâu vì mỗi khi chạm phải chướng ngại vật thì Pixies sẽ lập tức ngừng bay. Khi không muốn Pixies bay nữa, bạn có thể đặt em ấy trở lại trong trứng để có thể chơi sau.\n\nThiên thần bay Pixies phiên bản ngôi sao ca nhạc mới với màu xanh ánh kim bắt mắt sẽ khiến bạn thích mê. Hãy cùng thiên thần bay Pixies vẽ nên những phép thuật nhiệm màu.\n\nSản phẩm bao gồm:\n<ul>\n 	<li>1 thiên thần bay Pixies,</li>\n 	<li>1 vỏ trứng pha lê trong suốt,</li>\n 	<li>1 cáp sạc USB kết nối máy tính</li>\n</ul>",,,taxable,,1,,,0,0,,,,,1,,,1099000,"Búp bê, Búp bê > Búp bê biết bay",,,"http://localhost/ecomshop/wp-content/uploads/2023/11/6061661_2_.jpg, http://localhost/ecomshop/wp-content/uploads/2023/11/6061661_1_.jpg",,,,,,,,,0
89,simple,,"Giỏ trứng Hatchimals Water Hatch HATCHIMALS 6068066",1,0,visible,,"<h2>Đồ Chơi Giỏ Trứng Hatchimals Water Hatch HATCHIMALS 6068066</h2>\nGiỏ trứng Hatchimals Water Hatch hoàn toàn mới. Với thiết kế mới và khả năng ấp trứng đặc biệt. bên trong mỗi trái trứng là một bé Hatchimals siêu đáng yêu, đi kèm với đó là 1 chiếc giỏ xinh xắn, các phụ kiện dễ thương như bình sữa, núm vú,…\nCách chơi :\n1. Tháo bỏ núm vú trên trái trứng\n2. Bơm nước vào bình sữa\n3. Cho trứng Hatchimals uống nước\n4. Quan sát trứng tự nở siêu kỳ diệu\n5. Cùng chơi với bé Hatchimals vừa nở ra thôi nào\nBộ sản phẩm gồm :\n• 3 trứng Hatchimals phiên bản Water Hatch\n• Giỏ trứng\n• Bình nước\n• Phụ kiện đáng yêu\nHatchimals là thế giới của những điều kỳ diệu, nơi cư trú của vô số loài sinh vật phép thuật khác nhau. Nơi sản sinh ra vô vàn những câu chuyện cổ tích lấp lánh sắc màu thần tiên nhưng cũng mang đến nhiều bài học triết lý về tình bạn, tình thân, sự tương thân tương ái, tinh thần đoàn kết… Với bộ trò chơi này bé có thể tự sáng tạo ra những câu chuyện riêng của mình, từ đó có thể vui chơi cùng với bạn bè hoặc anh chị, giúp bé có thêm nhiều giây phút thư giãn bổ ích.",,,taxable,,1,,,0,0,,,,,1,,,659000,"Búp bê, Búp bê > Búp bê baby",,,"http://localhost/ecomshop/wp-content/uploads/2023/11/6068066_1_.jpg, http://localhost/ecomshop/wp-content/uploads/2023/11/6068066_3_.jpg",,,,,,,,,0
92,simple,,"Nhân vật Gabby bất ngờ GABBY DOLLHOUSE 6060455",1,0,visible,,"<h2>Đồ Chơi Nhân Vật Gabby Bất Ngờ GABBY DOLLHOUSE 6060455 - Giao hàng ngẫu nhiên</h2>\nTrong mỗi chiếc hộp xinh xắn bé yêu có thể sở hữu 1 trong 12 nhân vật bất ngờ từ phim ngôi nhà búp bê Gabby, mỗi nhân vật được đựng trong 1 chiếc hộp giống như ngôi nhà búp bê, các nhân vật được để trên 1 chiếc đế đứng vững hơn.\n\n<img class=""img-responsive"" src=""https://u6wdnj9wggobj.vcdn.cloud/media/wysiwyg/content/5_7.jpg"" width=""1000"" height=""600"" />\n\nBộ đồ chơi sẽ là món quà tuyệt vời dành tặng bé yêu, giúp bé tưởng tượng tạo ra những cuộc phiêu lưu bất tận trong thế giới ngôi nhà búp bê của Gabby.\nBộ đồ chơi gồm: 1 tượng nhân vật ngẫu nhiên được đặt chiếc đế vững vàng, 1 hộp đồ chơi hình ngôi nhà.\nĐộ tuổi khuyến nghị: 3 tuổi +\n***Gabby’s Dollhouse là phim hoạt hình nổi tiếng dành cho bé gái, kể về Gabby và những người bạn mèo, mỗi tập phim là một thử thách tuyệt vời và mới mẻ. Phim được chiếu trên Netflix và SeeTV (theo dõi facebook Mykingdom để nhận thông báo lịch chiếu phim mới nhất).",,,taxable,,1,,,0,0,,,,,1,,,129000,"Búp bê, Búp bê > Búp bê baby",,,"http://localhost/ecomshop/wp-content/uploads/2023/11/6060455_copy_2.jpg, http://localhost/ecomshop/wp-content/uploads/2023/11/6060455_copy_3.jpg",,,,,,,,,0
